Model,Accuracy,Precision,Recall,F1-Score,AUC-ROC
XGBoost,0.9865,0.986013986013986,0.987,0.9865067466266867,0.998642
Random Forest,0.9855,0.985985985985986,0.985,0.9854927463731866,0.998927
Logistic Regression,0.952,0.9448818897637795,0.96,0.9523809523809523,0.986837
