{
  "best_model": "XGBoost",
  "best_f1_score": 0.9865067466266867,
  "all_models": [
    {
      "Model": "XGBoost",
      "Accuracy": 0.9865,
      "Precision": 0.986013986013986,
      "Recall": 0.987,
      "F1-Score": 0.9865067466266867,
      "AUC-ROC": 0.998642
    },
    {
      "Model": "Random Forest",
      "Accuracy": 0.9855,
      "Precision": 0.985985985985986,
      "Recall": 0.985,
      "F1-Score": 0.9854927463731866,
      "AUC-ROC": 0.998927
    },
    {
      "Model": "Logistic Regression",
      "Accuracy": 0.952,
      "Precision": 0.9448818897637795,
      "Recall": 0.96,
      "F1-Score": 0.9523809523809523,
      "AUC-ROC": 0.986837
    }
  ],
  "feature_count": 48,
  "training_samples": 8000,
  "test_samples": 2000
}